{"Generatorvej 21": [55.72993, 12.4648], "Lille Veks\u00f8vej 11": [55.757949, 12.228728], "Lautrupvang 1": [55.733204, 12.391164], "Novo Alle 1": [55.754555, 12.455185], "Sundkrogsgade 4": [55.708655, 12.591288], "Borupvang 4": [55.734142, 12.380579], "Lautrupparken 40": [55.73613, 12.393105], "Wildersgade 51": [55.674321, 12.591612], "Gothersgade 14": [55.682038, 12.583964], "Suderbovej 22-24": [57.4455297, 10.4937435], "Teglholmsgade 1": [55.653577, 12.544796], "Gr\u00f8nningen 17": [54.788356, 11.688986]}